1011,25x90
1011,25x90
1012,25x90
1012,25x90
1013,25x90
1013,25x90
1014,25x90
1014,25x90
1015,25x90
1015,25x90
1021,25x90
1021,25x90
1022,25x90
1022,25x90
1023,25x90
1023,25x90
1024,25x90
1024,25x90
1025,25x90
1025,25x90
1031,25x90
1031,25x90
1032,25x90
1032,25x90
1033,25x90
1033,25x90
1034,25x90
1034,25x90
1035,25x90
1035,25x90
1041,25x90
1041,25x90
1042,25x90
1042,25x90
1043,25x90
1043,25x90
1044,25x90
1044,25x90
1045,25x90
1045,25x90
1051,25x125
1051,25x125
1052,25x125
1052,25x125
1053,25x125
1053,25x125
1054,25x125
1054,25x125
1055,25x125
1055,25x125
1061,25x125
1061,25x125
1062,25x125
1062,25x125
1063,25x125
1063,25x125
1064,25x125
1064,25x125
1065,25x125
1065,25x125
1111,25x90
1111,25x90
1112,25x90
1112,25x90
1113,25x90
1113,25x90
1114,25x90
1114,25x90
1115,25x90
1115,25x90
1121,25x90
1121,25x90
1122,25x90
1122,25x90
1123,25x90
1123,25x90
1124,25x90
1124,25x90
1125,25x90
1125,25x90
1131,25x90
1131,25x90
1132,25x90
1132,25x90
1133,25x90
1133,25x90
1134,25x90
1134,25x90
1135,25x90
1135,25x90
1141,25x90
1141,25x90
1142,25x90
1142,25x90
1143,25x90
1143,25x90
1144,25x90
1144,25x90
1145,25x90
1145,25x90
1151,25x125
1151,25x125
1152,25x125
1152,25x125
1153,25x125
1153,25x125
1154,25x125
1154,25x125
1155,25x125
1155,25x125
1161,25x125
1161,25x125
1162,25x125
1162,25x125
1163,25x125
1163,25x125
1164,25x125
1164,25x125
1165,25x125
1165,25x125
1201,25x125
1201,25x125
1202,25x125
1202,25x125
1203,25x125
1203,25x125
1301,25x125
1301,25x125
1302,25x125
1302,25x125
1303,25x125
1303,25x125
1304,25x125
1304,25x125
1305,25x125
1305,25x125
1411,25x70
1411,25x70
1412,25x70
1412,25x70
1413,25x70
1413,25x70
1421,25x70
1421,25x70
1422,25x70
1422,25x70
1423,25x70
1423,25x70
1711,25x90
1712,25x90
1713,25x90
1721,25x90
1722,25x90
1723,25x90
1731,25x90
1732,25x90
1733,25x90
1741,25x90
1742,25x90
1743,25x90
203,25x60
2611,25x90
2612,25x90
2613,25x90
2621,25x90
2622,25x90
2623,25x90
2631,25x90
2632,25x90
2633,25x90
2641,25x90
2642,25x90
2643,25x90
2651,25x125
2652,25x125
2653,25x125
2661,25x125
2662,25x125
2663,25x125
2711,25x90
2712,25x90
2713,25x90
2721,25x90
2722,25x90
2723,25x90
2911,25x125
2912,25x125
2913,25x125
2921,25x125
2922,25x125
2923,25x125
401A,21x70
401B,21x70
401C,21x70
4121,25x125
4122,25x125
4123,25x125
4131,25x125
4132,25x125
4133,25x125
4141,25x125
4142,25x125
4143,25x125
501,21x90
502,21x90
503,21x90
504,21x90
505,21x90
511,21x90
512,21x90
513,21x90
514,21x90
515,21x90
521,21x90
522,21x90
523,21x90
524,21x90
525,21x90
631ATHL,18x90
631BASE,18x90
631BASK,18x90
631BILL,18x90
631BMX,18x90
631CRIC,18x90
631DART,18x90
631FLAG,18x90
631HIP,18x90
631HOCK,18x90
631NETB,18x90
631RUGB,18x90
631SOCC,18x90
631SOFT,18x90
631STAR,18x90
631SWIM,18x90
631TENN,18x90
631TOUC,18x90
6901BASK,18x90
6901BOX,18x90
6901GOLF,18x90
6901HOCK,18x90
6901NETB,18x90
6901RUGB,18x90
6901SOCC,18x90
6902BASK,18x90
6902BOX,18x90
6902GOLF,18x90
6902HOCK,18x90
6902NETB,18x90
6902RUGB,18x90
6902SOCC,18x90
711,21x70
711,21x70
712,21x70
712,21x70
713,21x70
713,21x70
721,21x70
721,21x70
722,21x70
722,21x70
723,21x70
723,21x70
811,21x90
811,21x90
812,21x90
812,21x90
813,21x90
813,21x90
821,21x90
821,21x90
822,21x90
822,21x90
823,21x90
823,21x90
831,21x90
831,21x90
832,21x90
832,21x90
833,21x90
833,21x90
841,21x90
841,21x90
842,21x90
842,21x90
843,21x90
843,21x90
911,25x90
911,25x90
912,25x90
912,25x90
913,25x90
913,25x90
921,25x90
921,25x90
922,25x90
922,25x90
923,25x90
923,25x90
931,25x90
931,25x90
932,25x90
932,25x90
933,25x90
933,25x90
941,25x90
941,25x90
942,25x90
942,25x90
943,25x90
943,25x90
951,25x125
951,25x125
952,25x125
952,25x125
953,25x125
953,25x125
961,25x125
961,25x125
962,25x125
962,25x125
963,25x125
963,25x125
B01F,21x70
B01H1,21x70
B01H2,21x70
B02F,21x90
B02H1,21x90
B02H2,21x90
B11F,25x70
B11H1,25x70
B11H2,25x70
B11PF,25x70
B11PH1,25x70
B11PH2,25x70
B12F,25x90
B12H1,25x90
B12H2,25x90
B12PF,25x90
B12PH1,25x90
B12PH2,25x90
BASE81L,25x90
BASE81R,25x90
BASE81S,25x70
BASK81L,25x90
BASK81R,25x90
BASK81S,25x70
EC0011,25x90
EC0012,25x80
EC0013,25x70
EC0014,25x70
EC0021,25x80
EC0022,25x70
EC0023,25x70
EC0024,25x70
EC0031,25x80
EC0032,25x70
EC0033,25x70
EC0034,25x70
EC0041,25x80
EC0042,25x70
EC0043,25x70
EC0044,25x70
EC0051,25x90
EC0052,25x80
EC0053,25x70
EC0054,25x70
EC0055,25x70
EC0061,25x80
EC0062,25x70
EC0063,25x70
EC0064,25x70
EC0071,25x90
EC0072,25x80
EC0073,25x70
EC0081,25x80
EC0082,25x70
EC0083,25x70
EC0091,25x80
EC0092,25x70
EC0093,25x70
EC0094,25x70
EC0101,25x70
EC0102,25x70
EC0103,25x70
EC0111,25x70
EC0112,25x70
EC0113,25x70
EC0121,25x70
EC0122,25x70
EC0123,25x70
EC0131,25x70
EC0132,25x70
EC0133,25x70
EC0141,25x70
EC0142,25x70
EC0143,25x70
EC0151,25x70
EC0152,25x70
EC0153,25x70
EC0161,25x70
EC0162,25x70
EC0163,25x70
EC0171,25x70
EC0172,25x70
EC0173,25x70
EC0181,21x70
EC0191,25x70
EC0192,25x70
EC0193,25x70
EC0201,25x70
EC0202,25x70
EC0203,25x70
EC0211,25x70
EC0212,25x70
EC0213,25x70
EC0221,25x70
EC0222,25x70
EC0223,25x70
EC0231,25x70
EC0232,25x70
EC0233,25x70
EC0241,25x70
EC0242,25x70
EC0243,25x70
EC0261,25x70
EC0262,25x70
EC0263,25x70
EC0271,25x80
EC0272,25x70
EC0273,25x70
EC0281,25x70
EC0282,25x70
EC0283,25x70
EC0301,25x80
EC0302,25x70
EC0303,25x70
EC0311,25x80
EC0312,25x70
EC0313,25x70
EC0321,25x70
EC0322,25x70
EC0323,25x70
EC0331,25x70
EC0332,25x70
EC0333,25x70
EC0341,25x70
EC0351,25x80
EC0352,25x80
EC0353,25x80
EC0361,21x70
EC0371,21x70
EC0381,21x70
EC0391,25x70
EC0392,25x70
EC0401,25x70
EC0402,25x70
EC0411,25x70
EC0412,25x70
F1111,25x90
F1111,25x90
F1112,25x90
F1112,25x90
F1113,25x90
F1113,25x90
F1114,25x90
F1114,25x90
F1115,25x90
F1115,25x90
F1121,25x90
F1121,25x90
F1122,25x90
F1122,25x90
F1123,25x90
F1123,25x90
F1124,25x90
F1124,25x90
F1125,25x90
F1125,25x90
F1131,25x90
F1131,25x90
F1132,25x90
F1132,25x90
F1133,25x90
F1133,25x90
F1134,25x90
F1134,25x90
F1135,25x90
F1135,25x90
F1141,25x90
F1141,25x90
F1142,25x90
F1142,25x90
F1143,25x90
F1143,25x90
F1144,25x90
F1144,25x90
F1145,25x90
F1145,25x90
F1151,25x125
F1151,25x125
F1152,25x125
F1152,25x125
F1153,25x125
F1153,25x125
F1154,25x125
F1154,25x125
F1155,25x125
F1155,25x125
F1161,25x125
F1161,25x125
F1162,25x125
F1162,25x125
F1163,25x125
F1163,25x125
F1164,25x125
F1164,25x125
F1165,25x125
F1165,25x125
F1301,25x125
F1301,25x125
F1302,25x125
F1302,25x125
F1303,25x125
F1303,25x125
F1304,25x125
F1304,25x125
F1305,25x125
F1305,25x125
F2611,25x90
F2612,25x90
F2613,25x90
F2621,25x90
F2622,25x90
F2623,25x90
F2631,25x90
F2632,25x90
F2633,25x90
F2641,25x90
F2642,25x90
F2643,25x90
F2651,25x125
F2652,25x125
F2653,25x125
F2661,25x125
F2662,25x125
F2663,25x125
F2921,25x125
F2922,25x125
F2923,25x125
F301,25x90
F302,25x90
F303,25x90
F304,25x90
F305,25x90
F401,25x90
F402,25x90
F403,25x90
MD001,20x95
MD002,20x95
MD003,20x125
MD011,20x95
MD012,20x95
MD013,20x95
MD014,20x125
MD015,20x95
MD016,20x125
MD017,20x95
MD018,20x125
MD019,20x125
MD020,30x135
MD021,20x95
MD022,20x95
MD024,20x95
MD025,20x125
MD028,20x95
MD033,20x95
MD041,30x105
MD042,30x105
MD044,30x105
MD051,30x135
MD052,30x135
NETB81L,25x90
NETB81R,25x90
NETB81S,25x70
PDU5082,25x90
PDU5095,25x90
RES0001L,18x50
RES0001M,18x50
RES0001,18x50
RES0003,20x53
RES0004,20x53
RES0007,20x65
RES0008,20x65
RES0009,20x65
RES0011,25x70
RES0012,25x75
RES0013,25x75
RES0014,20x53
RES0020,20x53
RES0030,25x70
RES0031,25x70
RES0033,25x75
RES0035,21x65
RES0036,20x53
RES0037,23x65
RES0040,25x70
RES0043,25x70
RES0045,25x75
RES0046,21x65
RES0047,20x53
RES0048,23x65
RES0080,20x53
RES0094,20x53
RES0098,20x53
RES0102,25x75
RES0104,21x65
RES0105,20x53
RES0120,21x65
RES0140,20x53
RES0150,20x53
RES0155,21x65
RES0158,20x53
RES0163,21x65
RES0170,20x53
RES0181,20x53
RES0188,20x53
RES0190,21x65
RES0193,21x65
RES0195,21x65
RES0196,20x53
RES0201,21x65
RES0202,20x53
RES0203,23x65
RES0204,25x70
RES0209,23x60
RES0210,20x53
RES0217,25x75
RES0218,25x75
RES0220,21x65
RES0221,21x65
RES0222,23x60
RES0223,23x63
RES0224,25x70
RES0225,20x53
RES0230,20x65
RES0231,21x65
RES0232,23x60
RES0233,23x65
RES0234,25x70
RES0235,20x53
RES0236,20x53
RES0238,25x75
RES0239,25x75
RES0250,25x70
RES0251,25x75
RES0252,25x75
RES0255,20x53
RES0261,20x53
RES0265,20x53
RES0270,25x95
RES0271,25x95
RES0272,25x60
RES0285,21x65
RES0288,20x53